parameters,mean test error,mean nr of evaluations,average tree size,best test error
100_100_0.1_0.0_0.0_-1_0_None_None_None,0.1942385568361178,10062.58,43.0,0.08424908424908428
100_100_0.1_0.1_0.0_-1_0_None_None_None,0.12202078680127461,10026.72,64.04,0.06227106227106227
100_100_0.1_0.5_0.0_-1_0_None_None_None,0.10515199976175583,9991.11,67.04,0.06585365853658531