parameters,mean test error,var test error, mean nr of evaluations,var nr evaluations,average tree size,var tree size,best test error
100_100_1.0_0.5_1.0_5_100_10_0.5_0.5,0.08911161737991005,0.00018352549386266694,295866.31,391687081.0938999,78.94,453.6363999999999,0.06227106227106227