parameters,mean test error,var test error, mean nr of evaluations,var nr evaluations,average tree size,var tree size,best test error
100_100_1.0_0.5_1.0_5_100_20_0.5_0.5,0.09356832578309089,0.00024090666950772193,573526.7,747798106.41,86.4,157.64000000000001,0.0707748627211714
100_100_1.0_0.5_0.9_5_100_20_0.5_0.5,0.09039521254286355,0.000185362816525027,525371.6,462021737.23999995,74.6,252.64000000000001,0.07020757020757018
100_100_1.0_0.5_0.5_5_100_20_0.5_0.5,0.08996488224676145,0.00018076992600198443,300286.7,177607683.81,78.2,232.15999999999994,0.07565588773642462
100_100_1.0_0.5_0.1_5_100_20_0.5_0.5,0.1065669602582354,0.0008642200161597686,67820.7,53269828.41,63.0,1030.4,0.07875457875457881