parameters,mean test error,var test error, mean nr of evaluations,var nr evaluations,average tree size,var tree size,best test error
100_100_1.0_0.5_1.0_5_100_10_0.5_0.5,0.08911161737991005,0.00018352549386266694,295866.31,391687081.0938999,78.94,453.6363999999999,0.06227106227106227
100_100_1.0_0.5_0.9_5_100_10_0.5_0.5,0.09252984152313012,0.0002922322361569659,255246.5,205644381.05,81.2,233.16,0.07753357753357748
100_100_1.0_0.5_0.5_5_100_10_0.5_0.5,0.09741235647275916,0.00010591617599206914,155308.5,93692910.05,78.6,491.84000000000003,0.08119658119658124
100_100_1.0_0.5_0.1_5_100_10_0.5_0.5,0.09527750400233623,0.00041578012085846064,37796.7,15517344.009999996,80.6,843.04,0.07626601586333126