parameters,mean test error,var test error, mean nr of evaluations,var nr evaluations,average tree size,var tree size,best test error
100_100_1.0_0.5_1.0_20_100_10_0.5_0.5,0.0965560469340957,0.00035136647996266963,83339.23,21331574.377100002,75.76,628.8624000000001,0.0647130647130647
100_100_1.0_0.5_1.0_10_100_10_0.5_0.5,0.09301643884570712,0.0002535090604074116,154677.66,98001157.36439998,76.52,544.0896,0.06349206349206349
100_100_1.0_0.5_1.0_5_100_10_0.5_0.5,0.09023532564995979,0.00020806395904974945,297521.33,266068509.6011,77.66,477.1244000000001,0.06349206349206349