parameters,mean test error,var test error, mean nr of evaluations,var nr evaluations,average tree size,var tree size,best test error
100_100_1.0_0.5_1.0_5_100_10_0.5_0.5,0.09023532564995979,0.00020806395904974945,297521.33,266068509.6011,77.66,477.1244000000001,0.06349206349206349
100_100_1.0_0.5_1.0_5_100_15_0.5_0.5,0.090771484375,0.00014607667922973631,406523.0,118200550.2,74.0,352.2,0.075927734375
100_100_1.0_0.5_1.0_5_100_20_0.5_0.5,0.09356832578309089,0.00024090666950772193,573526.7,747798106.41,86.4,157.64000000000001,0.0707748627211714
100_100_1.0_0.5_1.0_5_100_25_0.5_0.5,0.08645008313627867,0.00011038034957534942,649381.1,1630277768.6233332,82.86666666666666,325.3155555555556,0.0695715854998169
