parameters,mean test error,var test error, mean nr of evaluations,var nr evaluations,average tree size,var tree size,best test error
100_100_1.0_0.5_1.0_5_100_25_0.5_0.1,0.0864132697929842,7.949345513442804e-05,491780.8,1529933666.3599997,82.93333333333334,405.72888888888883,0.07216117216117213
100_100_1.0_0.5_1.0_5_100_25_0.5_0.5,0.08645008313627867,0.00011038034957534942,649381.1,1630277768.6233332,82.86666666666666,325.3155555555556,0.0695715854998169
100_100_1.0_0.5_1.0_5_100_25_0.5_0.9,0.08513152253174221,9.060880512160863e-05,836875.3666666667,2792609979.3655553,83.2,200.89333333333335,0.07286708165507139
100_100_1.0_0.5_1.0_5_100_25_0.5_1.0,0.08618161040716879,4.704039412728868e-05,890467.1666666666,1997273242.0055554,79.13333333333334,345.0488888888889,0.0765567765567765
