parameters,mean test error,var test error, mean nr of evaluations,var nr evaluations,average tree size,var tree size,best test error
100_100_1.0_0.5_1.0_5_100_25_0.9_0.5,0.08363073274827214,5.819470333689745e-05,813940.6,2515851944.373334,84.4,298.7066666666666,0.06627608934456242
100_100_1.0_0.5_1.0_5_100_25_0.9_0.1,0.08582751111128993,9.266492493713183e-05,766838.1,1283972750.89,85.73333333333333,212.92888888888896,0.07067008421823506
100_100_1.0_0.5_1.0_5_100_25_0.9_1.0,0.08166502808392224,4.125649855978435e-05,882059.0666666667,2512101141.662223,76.53333333333333,328.71555555555557,0.06737458806298058
100_100_1.0_0.5_1.0_5_100_25_0.9_0.9,0.08447268261255812,4.9433134671115784e-05,859930.7,1898438124.4099996,84.86666666666666,171.18222222222226,0.0714024166971805