parameters,mean test error,var test error, mean nr of evaluations,var nr evaluations,average tree size,var tree size,best test error
100_100_1.0_1.0_1.0_5_100_25_0.9_1.0,0.08251960822447825,7.330238958380904e-05,887297.9,3128508808.090001,78.6,356.9066666666667,0.06886446886446884
100_100_1.0_0.9_1.0_5_100_25_0.9_1.0,0.08248294242069416,5.270225850281982e-05,877986.0,3021903431.133333,81.6,283.5066666666667,0.07106227106227103
100_100_1.0_0.5_1.0_5_100_25_0.9_1.0,0.08166502808392224,4.125649855978435e-05,882059.0666666667,2512101141.662223,76.53333333333333,328.71555555555557,0.06737458806298058
100_100_1.0_0.1_1.0_5_100_25_0.9_1.0,0.0930906666058625,0.00013958616233977547,874099.6666666666,5319002668.622222,77.33333333333333,521.8888888888889,0.07579641157085315