parameters,mean test error,var test error, mean nr of evaluations,var nr evaluations,average tree size,var tree size,best test error
100_100_0.9_1.0_1.0_5_100_25_0.9_1.0,0.08405755561010048,8.324592215706607e-05,888370.9666666667,3652229009.3655562,77.86666666666666,485.51555555555547,0.0692307692307692
100_100_0.9_0.9_1.0_5_100_25_0.9_1.0,0.08262921666803029,4.645756841187263e-05,897044.9333333333,2891450829.7288895,81.93333333333334,345.26222222222225,0.0714024166971805
100_100_0.9_0.5_1.0_5_100_25_0.9_1.0,0.0826781684892267,5.11638138141856e-05,899053.0666666667,2282181249.062222,85.26666666666667,141.26222222222225,0.07176858293665322
100_100_0.9_0.1_1.0_5_100_25_0.9_1.0,0.0933596624296002,0.00013800418875431432,902014.8666666667,3680037091.5155554,75.46666666666667,564.9822222222223,0.06993775173928962